"Txhash","Blockno","UnixTimestamp","DateTime","From","To","ContractAddress","Value_IN(MATIC)","Value_OUT(MATIC)","CurrentValue @ $0.9067/MATIC","TxnFee(MATIC)","TxnFee(USD)","Historical $Price/MATIC","Status","ErrCode","Method"
"0xb012404bc3af7c68e5f1ed501e926067bbe30ebf5563b5a8b2433f715cb3d9e3","27283108","1658477075","2022-07-22 08:04:35","0xaaef0bfc1258800018b92fb63b4dead6adf38b4b","","0x71b4938f4bb1eb764fc9ac6abdf54cbcc72bd360","0","0","0","0.06263631658718342","0.0567923482495992","","","","0x60806040",""
"0xdb7c8f4f8cee589a87c50be3a0cc2b063318d016d1f1e0136bcd9857cabf5e45","27283117","1658477120","2022-07-22 08:05:20","0xa616272abc03a4f2c9c51a1e33d76b4b1f4d2bfd","0x71b4938f4bb1eb764fc9ac6abdf54cbcc72bd360","","0","0","0","0.0029341254125792","0.00266037151158556","","","","0x9f82956a",""
"0x291fd46da64cf2801a5b60341ddf834792109ca824c943a6f6e9ca07ba55f927","27283119","1658477130","2022-07-22 08:05:30","0xa616272abc03a4f2c9c51a1e33d76b4b1f4d2bfd","0x71b4938f4bb1eb764fc9ac6abdf54cbcc72bd360","","0","0","0","0.0015148687918315","0.00137353153355362","","","","0x81c34e9a",""
"0x33f73ca6a758404d5bd700f75d614eeae94add6e396a0a41b64648bf3f22ba7e","27283121","1658477140","2022-07-22 08:05:40","0xa616272abc03a4f2c9c51a1e33d76b4b1f4d2bfd","0x71b4938f4bb1eb764fc9ac6abdf54cbcc72bd360","","0","0","0","0.0029038135343686","0.00263288773161201","","","","0x9f82956a",""
"0x071732776c6317d04138ed37bf6cfd64d3cdc17cd7a600c5fd690f161c92a5cf","27283123","1658477150","2022-07-22 08:05:50","0xa616272abc03a4f2c9c51a1e33d76b4b1f4d2bfd","0x71b4938f4bb1eb764fc9ac6abdf54cbcc72bd360","","0","0","0","0.001504584247780928","0.00136420653746297","","","","0x81c34e9a",""
"0x0bc4af05d4f3755e58e8839ae30c5a68adcc7034ce9b41c526fced1e802b4d09","27283125","1658477160","2022-07-22 08:06:00","0xa616272abc03a4f2c9c51a1e33d76b4b1f4d2bfd","0x71b4938f4bb1eb764fc9ac6abdf54cbcc72bd360","","0","0","0","0.002875442904327616","0.00260716408135385","","","","0x9f82956a",""
"0x6e54c97bf69422e7d2e2868eb43bbed680191efba0f0f72cc26553e1dd0a0e22","27283127","1658477170","2022-07-22 08:06:10","0xa616272abc03a4f2c9c51a1e33d76b4b1f4d2bfd","0x71b4938f4bb1eb764fc9ac6abdf54cbcc72bd360","","0","0","0","0.00149517598059778","0.00135567606160801","","","","0x81c34e9a",""
"0x97b898d4991e58653e75b1dc001b38c0b6736c4f464d0a9827d8d7b3083e4ccf","27283129","1658477180","2022-07-22 08:06:20","0xa616272abc03a4f2c9c51a1e33d76b4b1f4d2bfd","0x71b4938f4bb1eb764fc9ac6abdf54cbcc72bd360","","0","0","0","0.002868515867128896","0.00260088333672577","","","","0x9f82956a",""
"0xf12c7ff68bc05bbd231307f8b277190e3f53f5185e3f76e286c9ab19616a869a","27283131","1658477190","2022-07-22 08:06:30","0xa616272abc03a4f2c9c51a1e33d76b4b1f4d2bfd","0x71b4938f4bb1eb764fc9ac6abdf54cbcc72bd360","","0","0","0","0.00149626302432498","0.00135666168415546","","","","0x81c34e9a",""
"0x584eadc95e5e44847985cd76563fc7708f3b554ab9de249737b93cc65a3fe58f","27283133","1658477200","2022-07-22 08:06:40","0xa616272abc03a4f2c9c51a1e33d76b4b1f4d2bfd","0x71b4938f4bb1eb764fc9ac6abdf54cbcc72bd360","","0","0","0","0.002866431873787456","0.00259899377996309","","","","0x9f82956a",""
"0xc655d5b6825cbc4d53ed532a5b0388d4d1709363dffc8d3f089ce421c023c67b","27283135","1658477210","2022-07-22 08:06:50","0xa616272abc03a4f2c9c51a1e33d76b4b1f4d2bfd","0x71b4938f4bb1eb764fc9ac6abdf54cbcc72bd360","","0","0","0","0.00149626302432498","0.00135666168415546","","","","0x81c34e9a",""
"0x45bfb51f59503091f56cd29f33575b874fd0eab7a358758c2d6ee178ae8299a1","27283137","1658477231","2022-07-22 08:07:11","0xa616272abc03a4f2c9c51a1e33d76b4b1f4d2bfd","0x71b4938f4bb1eb764fc9ac6abdf54cbcc72bd360","","0","0","0","0.002868515867128896","0.00260088333672577","","","","0x9f82956a",""
"0x1984f8cdbb371d39fff85169c07b6ddfca58dffa963f6c53203230461f581f5e","27283139","1658477251","2022-07-22 08:07:31","0xa616272abc03a4f2c9c51a1e33d76b4b1f4d2bfd","0x71b4938f4bb1eb764fc9ac6abdf54cbcc72bd360","","0","0","0","0.00149626302432498","0.00135666168415546","","","","0x81c34e9a",""
"0x756bb81941e539af59137cd0d6ef1b8a549ce13c5e9903c39d8621fb3746dc68","27283141","1658477271","2022-07-22 08:07:51","0xa616272abc03a4f2c9c51a1e33d76b4b1f4d2bfd","0x71b4938f4bb1eb764fc9ac6abdf54cbcc72bd360","","0","0","0","0.002866431873787456","0.00259899377996309","","","","0x9f82956a",""
"0x774ea46f406b24fc0ca1c0447b741ffc0e98cbb60acae1b91c8ec228eb3fbb64","27283143","1658477291","2022-07-22 08:08:11","0xa616272abc03a4f2c9c51a1e33d76b4b1f4d2bfd","0x71b4938f4bb1eb764fc9ac6abdf54cbcc72bd360","","0","0","0","0.00149517598059778","0.00135567606160801","","","","0x81c34e9a",""
"0xfae8748f22d1c61413314d85a3ab90eeb508e352e75e3ac366106d43374c1932","27283145","1658477311","2022-07-22 08:08:31","0xa616272abc03a4f2c9c51a1e33d76b4b1f4d2bfd","0x71b4938f4bb1eb764fc9ac6abdf54cbcc72bd360","","0","0","0","0.002866431873787456","0.00259899377996309","","","","0x9f82956a",""
"0xc4e029c39a6ca30972a6521e26eddef0f2f524a95431f4ee2d13e69d73c0cfd6","27283147","1658477331","2022-07-22 08:08:51","0xa616272abc03a4f2c9c51a1e33d76b4b1f4d2bfd","0x71b4938f4bb1eb764fc9ac6abdf54cbcc72bd360","","0","0","0","0.00149517598059778","0.00135567606160801","","","","0x81c34e9a",""
"0xf320c03faa4c1c805ecf538e8e1d30458e123239d9b658aaef8b17111d9f0d3f","27283149","1658477351","2022-07-22 08:09:11","0xa616272abc03a4f2c9c51a1e33d76b4b1f4d2bfd","0x71b4938f4bb1eb764fc9ac6abdf54cbcc72bd360","","0","0","0","0.002866431873787456","0.00259899377996309","","","","0x9f82956a",""
"0x0bfd05a9566a5cf469891bc31018486e4dcd61f4b04e61eee44748a50a22d499","27283151","1658477371","2022-07-22 08:09:31","0xa616272abc03a4f2c9c51a1e33d76b4b1f4d2bfd","0x71b4938f4bb1eb764fc9ac6abdf54cbcc72bd360","","0","0","0","0.00149517598059778","0.00135567606160801","","","","0x81c34e9a",""
"0xc901fb3e6bb0fe142c92d8593260ca6c17da88145371ecaba389f07176019489","27283173","1658477591","2022-07-22 08:13:11","0x9e18bc0cb016bf9be05ebc9dde59f8bc63aef081","0x71b4938f4bb1eb764fc9ac6abdf54cbcc72bd360","","0.0000000000000001","0","0.00000000000000009067","0.003283392997114724","0.00297705243048392","","","","0xfb6f358f",""
"0x3530ca1698eab8d91570965faf1970637b832abac00989e8d503b44f5814e7c3","27283175","1658477611","2022-07-22 08:13:31","0xa616272abc03a4f2c9c51a1e33d76b4b1f4d2bfd","0x71b4938f4bb1eb764fc9ac6abdf54cbcc72bd360","","0.0000000000000001","0","0.00000000000000009067","0.00244705473691003","0.00221874452995632","","","","0x165bea5e",""
"0x4f8508d88332fb01889575cd87b4f375c58b902320c3f99912510c1daa0fb3b2","27283177","1658477631","2022-07-22 08:13:51","0x9e18bc0cb016bf9be05ebc9dde59f8bc63aef081","0x71b4938f4bb1eb764fc9ac6abdf54cbcc72bd360","","0.0000000000000001","0","0.00000000000000009067","0.001506919641398548","0.00136632403885606","","","","0xfb6f358f",""
"0xbbcd85449f1f0503b1d7436749b7aaad9829472610ce3f20547a275132bb7c77","27283179","1658477651","2022-07-22 08:14:11","0xa616272abc03a4f2c9c51a1e33d76b4b1f4d2bfd","0x71b4938f4bb1eb764fc9ac6abdf54cbcc72bd360","","0.0000000000000001","0","0.00000000000000009067","0.00244705473691003","0.00221874452995632","","","","0x165bea5e",""
"0x47ed75c9d51bc729dd978fb02b9debcb7acf36654778e3a7dcf73987ce475996","27283181","1658477671","2022-07-22 08:14:31","0x9e18bc0cb016bf9be05ebc9dde59f8bc63aef081","0x71b4938f4bb1eb764fc9ac6abdf54cbcc72bd360","","0","0","0","0.00197577918237921","0.00179143898466323","","","","0x12d93731",""
"0xf179edb0e19219adbc01d8e7b9b7eb9ab291ea940298e89eb95e0381c9942461","27283183","1658477691","2022-07-22 08:14:51","0x9e18bc0cb016bf9be05ebc9dde59f8bc63aef081","0x71b4938f4bb1eb764fc9ac6abdf54cbcc72bd360","","0.0000000000000001","0","0.00000000000000009067","0.003283392997114724","0.00297705243048392","","","","0xfb6f358f",""
"0x0f353cb7c13be95c1b6dc8717faba9d5325a442e585fad7bb996b4a31da95244","27283185","1658477711","2022-07-22 08:15:11","0xa616272abc03a4f2c9c51a1e33d76b4b1f4d2bfd","0x71b4938f4bb1eb764fc9ac6abdf54cbcc72bd360","","0.0000000000000001","0","0.00000000000000009067","0.002446687747510006","0.00221841178066732","","","","0x165bea5e",""
"0xe57eff3e4aafaea5c8ddb67f1d87883493869777812fa76496764da097449665","27283187","1658477731","2022-07-22 08:15:31","0x9e18bc0cb016bf9be05ebc9dde59f8bc63aef081","0x71b4938f4bb1eb764fc9ac6abdf54cbcc72bd360","","0","0","0","0.002022631495782274","0.00183391997722579","","","","0x12d93731",""
"0x24371a2dd528c0eecfe51218108a5fea620d9533a992966884b39007f33a8c78","27283189","1658477751","2022-07-22 08:15:51","0x9e18bc0cb016bf9be05ebc9dde59f8bc63aef081","0x71b4938f4bb1eb764fc9ac6abdf54cbcc72bd360","","0.0000000000000001","0","0.00000000000000009067","0.003283392997114724","0.00297705243048392","","","","0xfb6f358f",""
"0x0d3e262396d3906829e8bc704263aa42cc93306f68196b4bd729d4f7183b5080","27283191","1658477771","2022-07-22 08:16:11","0xa616272abc03a4f2c9c51a1e33d76b4b1f4d2bfd","0x71b4938f4bb1eb764fc9ac6abdf54cbcc72bd360","","0.0000000000000001","0","0.00000000000000009067","0.00244705473691003","0.00221874452995632","","","","0x165bea5e",""
"0x411b059246f8f080824f34fdd9d6ed031e98f998382889ba5489898bcc70a37f","27283193","1658477791","2022-07-22 08:16:31","0x9e18bc0cb016bf9be05ebc9dde59f8bc63aef081","0x71b4938f4bb1eb764fc9ac6abdf54cbcc72bd360","","0","0","0","0.002069116819785314","0.00187606822049934","","","","0x12d93731",""
"0x849833f6b4959c9a9553ecc698f251963e60b02e5239aebd9395a065eb110aa1","27283195","1658477811","2022-07-22 08:16:51","0x9e18bc0cb016bf9be05ebc9dde59f8bc63aef081","0x71b4938f4bb1eb764fc9ac6abdf54cbcc72bd360","","0.0000000000000001","0","0.00000000000000009067","0.003283759986514748","0.00297738517977292","","","","0xfb6f358f",""
"0x04216460ec48309cb0080a44f24838a0e58c55b05510e83f8102b28da6c3ffb5","27283197","1658477831","2022-07-22 08:17:11","0xa616272abc03a4f2c9c51a1e33d76b4b1f4d2bfd","0x71b4938f4bb1eb764fc9ac6abdf54cbcc72bd360","","0.0000000000000001","0","0.00000000000000009067","0.00244705473691003","0.00221874452995632","","","","0x165bea5e",""
"0x86658c25ea49e714b12bebc7a7bd8f4d69adc4638142e941913de2ee154361e6","27283199","1658477851","2022-07-22 08:17:31","0x9e18bc0cb016bf9be05ebc9dde59f8bc63aef081","0x71b4938f4bb1eb764fc9ac6abdf54cbcc72bd360","","0","0","0","0.00211447059313828","0.00191719048679848","","","","0x12d93731",""
"0x804334b12f8640c5dbe16b9772edf3ee851c125002838f75f67157c4f68c6f36","27283201","1658477862","2022-07-22 08:17:42","0x9e18bc0cb016bf9be05ebc9dde59f8bc63aef081","0x71b4938f4bb1eb764fc9ac6abdf54cbcc72bd360","","0.0000000000000001","0","0.00000000000000009067","0.003283392997114724","0.00297705243048392","","","","0xfb6f358f",""
"0x1d1e3abcd577e61012960749a41643ed80781772eb607043ac3ae37ff6314527","27283203","1658477872","2022-07-22 08:17:52","0xa616272abc03a4f2c9c51a1e33d76b4b1f4d2bfd","0x71b4938f4bb1eb764fc9ac6abdf54cbcc72bd360","","0.0000000000000001","0","0.00000000000000009067","0.00244705473691003","0.00221874452995632","","","","0x165bea5e",""
"0x655b8a5ac93e48060511c683bc9e8369b4986e4ae99fd377de2eac444812a862","27283206","1658477887","2022-07-22 08:18:07","0x9e18bc0cb016bf9be05ebc9dde59f8bc63aef081","0x71b4938f4bb1eb764fc9ac6abdf54cbcc72bd360","","0","0","0","0.002161689895941368","0.00196000422865004","","","","0x12d93731",""
"0xefcea6f39ec75b79fa29b5d4068f0d0a6d2c8d814671f3eb6ed824506e9401ec","27283208","1658477897","2022-07-22 08:18:17","0x9e18bc0cb016bf9be05ebc9dde59f8bc63aef081","0x71b4938f4bb1eb764fc9ac6abdf54cbcc72bd360","","0.0000000000000001","0","0.00000000000000009067","0.003283392997114724","0.00297705243048392","","","","0xfb6f358f",""
"0xd15ed5671461ee2e33161aca28a3c5880fc84768ce3a11b197d0ad23a2d732f5","27283210","1658477907","2022-07-22 08:18:27","0xa616272abc03a4f2c9c51a1e33d76b4b1f4d2bfd","0x71b4938f4bb1eb764fc9ac6abdf54cbcc72bd360","","0.0000000000000001","0","0.00000000000000009067","0.00244705473691003","0.00221874452995632","","","","0x165bea5e",""
"0x2db2dbc343c2ffca12edca6602ef8b25c641671ab389430ade92eb2fd58edb6d","27283213","1658477922","2022-07-22 08:18:42","0x9e18bc0cb016bf9be05ebc9dde59f8bc63aef081","0x71b4938f4bb1eb764fc9ac6abdf54cbcc72bd360","","0","0","0","0.002208175219944408","0.00200215247192359","","","","0x12d93731",""
"0xd2c0edf2d83beeebdbf50a530d59a579100cfcd9019b8605c3fd8a67556665dc","27283215","1658477932","2022-07-22 08:18:52","0x9e18bc0cb016bf9be05ebc9dde59f8bc63aef081","0x71b4938f4bb1eb764fc9ac6abdf54cbcc72bd360","","0.0000000000000001","0","0.00000000000000009067","0.0032830260077147","0.00297671968119492","","","","0xfb6f358f",""
"0x159daa7a7dc13361e6339c6f980695e14ca24bac104bc9a653248fcdfbfca033","27283217","1658477942","2022-07-22 08:19:02","0xa616272abc03a4f2c9c51a1e33d76b4b1f4d2bfd","0x71b4938f4bb1eb764fc9ac6abdf54cbcc72bd360","","0.0000000000000001","0","0.00000000000000009067","0.002446687747510006","0.00221841178066732","","","","0x165bea5e",""
"0x4fe075a05984d29dc20a23109bd437c5d1ba54032a236093d60f8a67c409f137","27283221","1658477962","2022-07-22 08:19:22","0x9e18bc0cb016bf9be05ebc9dde59f8bc63aef081","0x71b4938f4bb1eb764fc9ac6abdf54cbcc72bd360","","0","0","0","0.002254293554547424","0.00204396796590815","","","","0x12d93731",""
"0xac1601d9a16a9ba34ca75e115186e393e0d318ebe95fe53427e262ad9c2c6ac1","27283223","1658477972","2022-07-22 08:19:32","0x9e18bc0cb016bf9be05ebc9dde59f8bc63aef081","0x71b4938f4bb1eb764fc9ac6abdf54cbcc72bd360","","0.0000000000000001","0","0.00000000000000009067","0.003283392997114724","0.00297705243048392","","","","0xfb6f358f",""
"0x7f397f8a51c73279fe7c6c89ec08804b9acd99bbc4d053584a4323907d0e9192","27283225","1658477982","2022-07-22 08:19:42","0xa616272abc03a4f2c9c51a1e33d76b4b1f4d2bfd","0x71b4938f4bb1eb764fc9ac6abdf54cbcc72bd360","","0.0000000000000001","0","0.00000000000000009067","0.00244705473691003","0.00221874452995632","","","","0x165bea5e",""
"0xe4d99a8f4c43e8b96099b39b6f26f881a427428d48e51de8be81ccb1f8af27cd","27283230","1658478007","2022-07-22 08:20:07","0x9e18bc0cb016bf9be05ebc9dde59f8bc63aef081","0x71b4938f4bb1eb764fc9ac6abdf54cbcc72bd360","","0","0","0","0.002300778878550464","0.00208611620918171","","","","0x12d93731",""
"0x14548478146564149a2c8604af68d16474b78a7cca5eb4587c2fc0c1b05b20e1","27283232","1658478017","2022-07-22 08:20:17","0x9e18bc0cb016bf9be05ebc9dde59f8bc63aef081","0x71b4938f4bb1eb764fc9ac6abdf54cbcc72bd360","","0.0000000000000001","0","0.00000000000000009067","0.0032830260077147","0.00297671968119492","","","","0xfb6f358f",""
"0x28525eb73c1a35681324cb896a9b81a0c14603942106ed3391bd3d39cd0294b9","27283234","1658478027","2022-07-22 08:20:27","0xa616272abc03a4f2c9c51a1e33d76b4b1f4d2bfd","0x71b4938f4bb1eb764fc9ac6abdf54cbcc72bd360","","0.0000000000000001","0","0.00000000000000009067","0.00244705473691003","0.00221874452995632","","","","0x165bea5e",""
"0x97956d48cee1fc6e3792f810be5db5bdcdae867907ec46027a96212c7facc338","27283239","1658478052","2022-07-22 08:20:52","0x9e18bc0cb016bf9be05ebc9dde59f8bc63aef081","0x71b4938f4bb1eb764fc9ac6abdf54cbcc72bd360","","0","0","0","0.0023518174819962","0.00213239291092595","","","","0x12d93731",""
