"Txhash","Blockno","UnixTimestamp","DateTime","From","To","ContractAddress","Value_IN(ETH)","Value_OUT(ETH)","CurrentValue @ $0/Eth","TxnFee(ETH)","TxnFee(USD)","Historical $Price/Eth","Status","ErrCode","Method"
"0x243fd2003b4e17eb90b6d60f9c2eddda0bbe5250d48cb27e801d24608396568f","12661017","1658736108","2022-07-25 08:01:48","0xaaef0bfc1258800018b92fb63b4dead6adf38b4b","","0xdfb793af7c0d498bb0604fc63c867c1508ee3c09","0","0","0","0.00193678001355746","0","","","","0x60806040",""
"0x0381e55b31cd61181209d839b2253fe85aacafebb6534206abece6db075ee552","12661024","1658736216","2022-07-25 08:03:36","0xa616272abc03a4f2c9c51a1e33d76b4b1f4d2bfd","0xdfb793af7c0d498bb0604fc63c867c1508ee3c09","","0","0","0","0.00046864","0","","","","0x9f82956a",""
"0x8f2c1e3048200b6723cf206d7f697ce89c915f3ea87e0b340cc1df1c973e14f5","12661025","1658736228","2022-07-25 08:03:48","0xa616272abc03a4f2c9c51a1e33d76b4b1f4d2bfd","0xdfb793af7c0d498bb0604fc63c867c1508ee3c09","","0","0","0","0.00024445","0","","","","0x81c34e9a",""
"0x7a18597a8d6bceb6164487ac4d10647984644a6157008d8c4cf3f945303200e5","12661028","1658736276","2022-07-25 08:04:36","0xa616272abc03a4f2c9c51a1e33d76b4b1f4d2bfd","0xdfb793af7c0d498bb0604fc63c867c1508ee3c09","","0","0","0","0.00046858","0","","","","0x9f82956a",""
"0xfeff7e96c8b7df7619eb9e90c21a367d8bbf1995ddac4f7bb85347015a23e4de","12661030","1658736324","2022-07-25 08:05:24","0xa616272abc03a4f2c9c51a1e33d76b4b1f4d2bfd","0xdfb793af7c0d498bb0604fc63c867c1508ee3c09","","0","0","0","0.00024439","0","","","","0x81c34e9a",""
"0x35154ef9db6947dbd095bd9d17856e5e28a5f48bbc6a6ca62a823630901a93e1","12661031","1658736336","2022-07-25 08:05:36","0xa616272abc03a4f2c9c51a1e33d76b4b1f4d2bfd","0xdfb793af7c0d498bb0604fc63c867c1508ee3c09","","0","0","0","0.00046864","0","","","","0x9f82956a",""
"0x6f30c685621a25a03826dd0143696d50c095e182cbd262d652bf04d3d438bd99","12661032","1658736360","2022-07-25 08:06:00","0xa616272abc03a4f2c9c51a1e33d76b4b1f4d2bfd","0xdfb793af7c0d498bb0604fc63c867c1508ee3c09","","0","0","0","0.00024445","0","","","","0x81c34e9a",""
"0x11cc958baddef7e9312ad7e3f2068731590569a222831ac985a9ea17cdab51de","12661033","1658736372","2022-07-25 08:06:12","0xa616272abc03a4f2c9c51a1e33d76b4b1f4d2bfd","0xdfb793af7c0d498bb0604fc63c867c1508ee3c09","","0","0","0","0.00046864","0","","","","0x9f82956a",""
"0x316a01f464caaf22e483beda4d9fcc2b557bd6284764c1a8a9514a937cd16ad6","12661036","1658736408","2022-07-25 08:06:48","0xa616272abc03a4f2c9c51a1e33d76b4b1f4d2bfd","0xdfb793af7c0d498bb0604fc63c867c1508ee3c09","","0","0","0","0.00024445","0","","","","0x81c34e9a",""
"0x2e19d21893ed5836b45f7314ca78272f8143a176629fe3b5906d30cd8601542d","12661038","1658736444","2022-07-25 08:07:24","0xa616272abc03a4f2c9c51a1e33d76b4b1f4d2bfd","0xdfb793af7c0d498bb0604fc63c867c1508ee3c09","","0","0","0","0.00046864","0","","","","0x9f82956a",""
"0x9050031431d4db04a53c8bb0bbfcd9f7b81d07d0c881fb18f9056b48ff944983","12661039","1658736456","2022-07-25 08:07:36","0xa616272abc03a4f2c9c51a1e33d76b4b1f4d2bfd","0xdfb793af7c0d498bb0604fc63c867c1508ee3c09","","0","0","0","0.00024445","0","","","","0x81c34e9a",""
"0x62c11981e7e2e70afa23bd5b7fcbb1bca9f0f6d5ccbd1db1288363a1507c40fe","12661040","1658736468","2022-07-25 08:07:48","0xa616272abc03a4f2c9c51a1e33d76b4b1f4d2bfd","0xdfb793af7c0d498bb0604fc63c867c1508ee3c09","","0","0","0","0.00046864","0","","","","0x9f82956a",""
"0xe1b186092926ebbf2f0b4f5f1f1ff8e42b99819ecf94188869388b4cbc7a3a46","12661041","1658736480","2022-07-25 08:08:00","0xa616272abc03a4f2c9c51a1e33d76b4b1f4d2bfd","0xdfb793af7c0d498bb0604fc63c867c1508ee3c09","","0","0","0","0.00024445","0","","","","0x81c34e9a",""
"0xbb5612b9b4e69ce7f7911e3e80795c0ea3bb563ddab7e8994b5cb648da57ddc6","12661042","1658736504","2022-07-25 08:08:24","0xa616272abc03a4f2c9c51a1e33d76b4b1f4d2bfd","0xdfb793af7c0d498bb0604fc63c867c1508ee3c09","","0","0","0","0.00046864","0","","","","0x9f82956a",""
"0x13774adc0fdd0b22ea99cd98890a48bbb23aae6c2472d430d8b6f12399f1b394","12661043","1658736528","2022-07-25 08:08:48","0xa616272abc03a4f2c9c51a1e33d76b4b1f4d2bfd","0xdfb793af7c0d498bb0604fc63c867c1508ee3c09","","0","0","0","0.00024445","0","","","","0x81c34e9a",""
"0xc4b79c4e3696607288840b81cea744d6a8c7d39dea95b8418143d1a3a7fbf50d","12661044","1658736540","2022-07-25 08:09:00","0xa616272abc03a4f2c9c51a1e33d76b4b1f4d2bfd","0xdfb793af7c0d498bb0604fc63c867c1508ee3c09","","0","0","0","0.00046864","0","","","","0x9f82956a",""
"0x5bc2d09a4b67d33ab065e78c11810a7e73a63f0244f1471e89b72de7a9721aa4","12661046","1658736564","2022-07-25 08:09:24","0xa616272abc03a4f2c9c51a1e33d76b4b1f4d2bfd","0xdfb793af7c0d498bb0604fc63c867c1508ee3c09","","0","0","0","0.00024445","0","","","","0x81c34e9a",""
"0x1704a17aaa7458bdb9f5a7fa79bfa6c48f1638cdf0822345668fa942821c109c","12661047","1658736576","2022-07-25 08:09:36","0xa616272abc03a4f2c9c51a1e33d76b4b1f4d2bfd","0xdfb793af7c0d498bb0604fc63c867c1508ee3c09","","0","0","0","0.00046864","0","","","","0x9f82956a",""
"0x92b6d232050d1318c6c12dae5a8a767692e224d96dd04538fecaa36805a3ca80","12661049","1658736624","2022-07-25 08:10:24","0xa616272abc03a4f2c9c51a1e33d76b4b1f4d2bfd","0xdfb793af7c0d498bb0604fc63c867c1508ee3c09","","0","0","0","0.00024445","0","","","","0x81c34e9a",""
"0xd21ab243c000e23ae646e533a6d80bf595f867dd053a6db5059a78a76fc761c6","12661051","1658736672","2022-07-25 08:11:12","0x9e18bc0cb016bf9be05ebc9dde59f8bc63aef081","0xdfb793af7c0d498bb0604fc63c867c1508ee3c09","","0.0000000000000001","0","0","0.00053687","0","","","","0xfb6f358f",""
"0x8a10cc39b017efeaf310434bf7bbad030f1906da9d24a4a7ba4ac2412d9faa6f","12661052","1658736684","2022-07-25 08:11:24","0xa616272abc03a4f2c9c51a1e33d76b4b1f4d2bfd","0xdfb793af7c0d498bb0604fc63c867c1508ee3c09","","0.0000000000000001","0","0","0.000400075","0","","","","0x165bea5e",""
"0x55c9eabc7efbb299132e3900f21281b8d37b5e8c7a6b9532f7cf5a90e56b4925","12661053","1658736696","2022-07-25 08:11:36","0x9e18bc0cb016bf9be05ebc9dde59f8bc63aef081","0xdfb793af7c0d498bb0604fc63c867c1508ee3c09","","0.0000000000000001","0","0","0.00024637","0","","","","0xfb6f358f",""
"0x8e497a58a0bc003a8984444c88d8e060f279d2f00ee15e5001cee045ce20dffe","12661054","1658736720","2022-07-25 08:12:00","0xa616272abc03a4f2c9c51a1e33d76b4b1f4d2bfd","0xdfb793af7c0d498bb0604fc63c867c1508ee3c09","","0.0000000000000001","0","0","0.000400015","0","","","","0x165bea5e",""
"0x298e99a93da648717ea06b5982521d55c1bb9319514df6bd4c6bfe2fa77282da","12661055","1658736744","2022-07-25 08:12:24","0x9e18bc0cb016bf9be05ebc9dde59f8bc63aef081","0xdfb793af7c0d498bb0604fc63c867c1508ee3c09","","0","0","0","0.000323025","0","","","","0x12d93731",""
"0xedf7f37da439629e08c79f28b47fef27707b1bda817a614ea6fd87cc14b008f7","12661056","1658736768","2022-07-25 08:12:48","0x9e18bc0cb016bf9be05ebc9dde59f8bc63aef081","0xdfb793af7c0d498bb0604fc63c867c1508ee3c09","","0.0000000000000001","0","0","0.00053675","0","","","","0xfb6f358f",""
"0x0bbb67a9edfd1a06ee00e0717ab857a0820ef08aa8ae8874c0f276efa52b894f","12661057","1658736780","2022-07-25 08:13:00","0xa616272abc03a4f2c9c51a1e33d76b4b1f4d2bfd","0xdfb793af7c0d498bb0604fc63c867c1508ee3c09","","0.0000000000000001","0","0","0.000400015","0","","","","0x165bea5e",""
"0x913734dfd1fcb8106852dedd70e2769df3fa9b23ce1c77bbb4d23c094f0c3b54","12661059","1658736816","2022-07-25 08:13:36","0x9e18bc0cb016bf9be05ebc9dde59f8bc63aef081","0xdfb793af7c0d498bb0604fc63c867c1508ee3c09","","0","0","0","0.000330625","0","","","","0x12d93731",""
"0x144fcadc23fac4b2ea9faf6d8b63c4825ccfbf861cefed8b5dd4c5f5df34102c","12661061","1658736852","2022-07-25 08:14:12","0x9e18bc0cb016bf9be05ebc9dde59f8bc63aef081","0xdfb793af7c0d498bb0604fc63c867c1508ee3c09","","0.0000000000000001","0","0","0.00053687","0","","","","0xfb6f358f",""
"0xbb5dfea01e59a4ff3dda4e72cce97b6b48911792d5df2f261a0736ce14461635","12661064","1658736888","2022-07-25 08:14:48","0xa616272abc03a4f2c9c51a1e33d76b4b1f4d2bfd","0xdfb793af7c0d498bb0604fc63c867c1508ee3c09","","0.0000000000000001","0","0","0.000400075","0","","","","0x165bea5e",""
"0x5082bdcbae14794a067269f50666917a9d185798fc5fd86b1a098b3b287b5e52","12661066","1658736912","2022-07-25 08:15:12","0x9e18bc0cb016bf9be05ebc9dde59f8bc63aef081","0xdfb793af7c0d498bb0604fc63c867c1508ee3c09","","0","0","0","0.000338285","0","","","","0x12d93731",""
"0x491ab1a32f20e3e1706e8afa70df5f1968413c750c5c0e9f0a907edbdb737b28","12661067","1658736924","2022-07-25 08:15:24","0x9e18bc0cb016bf9be05ebc9dde59f8bc63aef081","0xdfb793af7c0d498bb0604fc63c867c1508ee3c09","","0.0000000000000001","0","0","0.00053681","0","","","","0xfb6f358f",""
"0xdbc6a23e42e6d7cf5e9befcd4c83688b05d6a612c4b953ca2001cfe3e7520f42","12661068","1658736936","2022-07-25 08:15:36","0xa616272abc03a4f2c9c51a1e33d76b4b1f4d2bfd","0xdfb793af7c0d498bb0604fc63c867c1508ee3c09","","0.0000000000000001","0","0","0.000400075","0","","","","0x165bea5e",""
"0x078fb87dfa6c508cab64aa79b2caace6570fa130885a1ff55326f72560dfd5c6","12661070","1658736984","2022-07-25 08:16:24","0x9e18bc0cb016bf9be05ebc9dde59f8bc63aef081","0xdfb793af7c0d498bb0604fc63c867c1508ee3c09","","0","0","0","0.0003457","0","","","","0x12d93731",""
"0xe709aedaa5f3796b14004d34c39418bd01b13600a8a6bc0956d08133f91d4998","12661071","1658737008","2022-07-25 08:16:48","0x9e18bc0cb016bf9be05ebc9dde59f8bc63aef081","0xdfb793af7c0d498bb0604fc63c867c1508ee3c09","","0.0000000000000001","0","0","0.00053687","0","","","","0xfb6f358f",""
"0xd915f098813129bb48ad19855f358293cb1f3c6642be66e4ce3ea97509f8cff7","12661073","1658737032","2022-07-25 08:17:12","0xa616272abc03a4f2c9c51a1e33d76b4b1f4d2bfd","0xdfb793af7c0d498bb0604fc63c867c1508ee3c09","","0.0000000000000001","0","0","0.000400075","0","","","","0x165bea5e",""
"0xe5d7553199beb281f5590d1c933bee40dc7ffb9666c1654ca8b291f2b6c3ada7","12661075","1658737056","2022-07-25 08:17:36","0x9e18bc0cb016bf9be05ebc9dde59f8bc63aef081","0xdfb793af7c0d498bb0604fc63c867c1508ee3c09","","0","0","0","0.00035342","0","","","","0x12d93731",""
"0xe63e7a04661dcd4dd9c378f615dd3166aea0e59d9626e016b6bc518ccb6d90bc","12661077","1658737080","2022-07-25 08:18:00","0x9e18bc0cb016bf9be05ebc9dde59f8bc63aef081","0xdfb793af7c0d498bb0604fc63c867c1508ee3c09","","0.0000000000000001","0","0","0.00053687","0","","","","0xfb6f358f",""
"0xf3f37ae3c3a2a5dfaf305e8bcf6af1c82e3aadd8be03718bc02a77e00094178f","12661078","1658737104","2022-07-25 08:18:24","0xa616272abc03a4f2c9c51a1e33d76b4b1f4d2bfd","0xdfb793af7c0d498bb0604fc63c867c1508ee3c09","","0.0000000000000001","0","0","0.000400075","0","","","","0x165bea5e",""
"0x406f74e2ae222ab383b3b30e537e9fd2ca814997cd3dc73b9f9328813fe412d2","12661079","1658737116","2022-07-25 08:18:36","0x9e18bc0cb016bf9be05ebc9dde59f8bc63aef081","0xdfb793af7c0d498bb0604fc63c867c1508ee3c09","","0","0","0","0.00036102","0","","","","0x12d93731",""
"0x4e04efaa481acb5457c37a3f752b6cf37e19a6ebe6d5e695865baec35c5fb7fc","12661081","1658737140","2022-07-25 08:19:00","0x9e18bc0cb016bf9be05ebc9dde59f8bc63aef081","0xdfb793af7c0d498bb0604fc63c867c1508ee3c09","","0.0000000000000001","0","0","0.00053687","0","","","","0xfb6f358f",""
"0xd0a08e9b0ec07fea92aaa4fe2dff6ce24e57bcbe7b0eba1faafb1aadfa6d8009","12661082","1658737152","2022-07-25 08:19:12","0xa616272abc03a4f2c9c51a1e33d76b4b1f4d2bfd","0xdfb793af7c0d498bb0604fc63c867c1508ee3c09","","0.0000000000000001","0","0","0.000400015","0","","","","0x165bea5e",""
"0x797826deac3ea132cb9537a6289208d7b74aadadc586fb8516a46cb03a274092","12661084","1658737188","2022-07-25 08:19:48","0x9e18bc0cb016bf9be05ebc9dde59f8bc63aef081","0xdfb793af7c0d498bb0604fc63c867c1508ee3c09","","0","0","0","0.00036856","0","","","","0x12d93731",""
"0x1e299c7d66355436eeae13471b2115fe8483ce98a936ea30386f46b220f45dd4","12661086","1658737212","2022-07-25 08:20:12","0x9e18bc0cb016bf9be05ebc9dde59f8bc63aef081","0xdfb793af7c0d498bb0604fc63c867c1508ee3c09","","0.0000000000000001","0","0","0.00053675","0","","","","0xfb6f358f",""
"0x64015441a84df22661b9b6ce0ed30a0ed5036af4a7c283fb897ce66e4493499c","12661089","1658737248","2022-07-25 08:20:48","0xa616272abc03a4f2c9c51a1e33d76b4b1f4d2bfd","0xdfb793af7c0d498bb0604fc63c867c1508ee3c09","","0.0000000000000001","0","0","0.000400075","0","","","","0x165bea5e",""
"0x7fcdcc1ab45abde6d40dd25dba7699b1aad64a5a0e9cb853128ed27de3fe54ec","12661091","1658737272","2022-07-25 08:21:12","0x9e18bc0cb016bf9be05ebc9dde59f8bc63aef081","0xdfb793af7c0d498bb0604fc63c867c1508ee3c09","","0","0","0","0.00037622","0","","","","0x12d93731",""
"0xfa3eb2d52835f6a77931534193fbd031bd28869ac53c7a34ca5b86e4988c928e","12661092","1658737284","2022-07-25 08:21:24","0x9e18bc0cb016bf9be05ebc9dde59f8bc63aef081","0xdfb793af7c0d498bb0604fc63c867c1508ee3c09","","0.0000000000000001","0","0","0.00053681","0","","","","0xfb6f358f",""
"0x6410d07b9dc17caf63cc6973de4201670711f01beaafc7c981220366b5e7a72e","12661093","1658737296","2022-07-25 08:21:36","0xa616272abc03a4f2c9c51a1e33d76b4b1f4d2bfd","0xdfb793af7c0d498bb0604fc63c867c1508ee3c09","","0.0000000000000001","0","0","0.000400075","0","","","","0x165bea5e",""
"0x376ddac7c9e6b92993c23d0271352999777062c52d068f79fe771deb811e6edb","12661095","1658737344","2022-07-25 08:22:24","0x9e18bc0cb016bf9be05ebc9dde59f8bc63aef081","0xdfb793af7c0d498bb0604fc63c867c1508ee3c09","","0","0","0","0.00038388","0","","","","0x12d93731",""
